2ab97b208a2eee66c8ec08591562cef5011a58c8,CS(=O)(=O)c1ccc(cc1)-n1cc(nc1-c1ccc(cc1)[N+]([O-])=O)C(F)(F)F
ddf7776b8a2b3dd3d3c160d7f7294879e3962101,CS(=O)(=O)c1ccc(cc1)-n1cc(nc1-c1cc(Cl)cc(Cl)c1)C(F)(F)F
4e2e250d8523c4778d4b40346d9280c3de6ba48c,CS(=O)(=O)c1ccc(cc1)-c1cc(Br)sc1-c1ccc(F)cc1
28281d5eabf099f8daff5fc29c36e159ef265d87,CS(=O)(=O)c1ccc(cc1)-n1cc(nc1-c1ccc(Cl)cc1)C(F)(F)F
0667a57792ee38d10ef20f698c9dcbf154a49e8d,NS(=O)(=O)c1ccc(cc1)-n1cc(nc1-c1ccc(Cl)c(Cl)c1)C(F)(F)F
4087d9e4094a6a30120ddf86af4268c0923a320c,Cc1cc(=O)c(-c2ccc(cc2)S(C)(=O)=O)c(o1)-c1ccc(F)cc1
9ba7ea5080d58c184847c87c5ebf41f796663f4a,COc1cc(ccc1OC)-c1nc(cn1-c1ccc(cc1)S(C)(=O)=O)C(F)(F)F
956b06c3cbcfe2bea6c64dc89e28db523368bb83,Cc1cc(=O)c(-c2ccc(cc2)S(C)(=O)=O)c(o1)-c1ccc(F)c(F)c1
eb8c10186ae6441467189acfd2c3538734d5f658,Cc1cc(=O)c(-c2ccc(Cl)cc2)c(o1)-c1ccc(cc1)S(C)(=O)=O
de774589557de738a6bd786521b00a972c3e6026,CS(=O)(=O)c1ccc(cc1)-c1[nH]c(Br)cc1-c1ccc(F)cc1
77c626b11473dfd4705c8bc18a58b80904becac6,COc1ccc(cc1)C1CC(=NN1c1ccc(cc1)S(N)(=O)=O)c1ccc(Cl)c(Cl)c1
d86f60c1cc87e89a017bcf37c660ec4bd93283df,NS(=O)(=O)c1ccc(cc1)-n1nc(cc1-c1cccc(F)c1)C(F)(F)F
4bba69403222a3dd1b648690ba67c87b65eb22b7,Cc1cc(ccc1Cl)-c1nc(cn1-c1ccc(cc1)S(C)(=O)=O)C(F)(F)F
724f0ecce94913af12e70ec62c357443560f9c24,CS(=O)(=O)c1ccc(cc1)-c1c(nn2ncccc12)-c1ccccc1
92310ddae57a1a62125af97c503809aea08a5dfc,COc1ccc2n(C(=O)c3ccc(Cl)cc3)c(C)c(CC(=O)N(C)C)c2c1
1e7faa08fe9d60516cd28025bb51c234455cf67d,NS(=O)(=O)c1ccc(cc1)-n1nc(cc1-c1ccc(cc1)C(F)(F)F)C(=O)N1CCOCC1
de437157f6f7fe7ea57b6f1af92e44fe57636feb,NS(=O)(=O)c1ccc(cc1)N1N=C2C(CCc3ccccc23)C1c1ccc(Br)cc1
ea3b690f1a75fbd2f43f34138aeaeffe67ff8206,Cc1c(CC(=O)NCCO)cc(-c2ccc(cc2)S(C)(=O)=O)n1-c1ccc(F)cc1
34e73267aca53a21a3a06787c111a14a98f9cc5b,Cc1nc(c(s1)-c1ccc(cc1)S(N)(=O)=O)-c1ccc(F)cc1
b82e0c30d358d6268738520341e5a6148911e0f8,CS(=O)(=O)c1ccc(cc1)-n1nc(cc1-c1ccc(Cl)c(Cl)c1)C(F)(F)F
9a22c28edd744a52505f956c539b9110aa130958,Cc1c(CC(O)=O)cc(-c2ccc(cc2)S(C)(=O)=O)n1-c1ccc(F)cc1
19f4c9bc96053d29ddd6c85cdf1a899228319db5,Cc1cc(=O)c(-c2ccc(F)cc2F)c(o1)-c1ccc(cc1)S(C)(=O)=O
0866e2bbea3b735da24034422bc063f5114b8eff,CS(=O)(=O)c1ccc(cc1)-c1cnn(CC2CC2)c(=O)c1-c1ccc(F)cc1
9bfd16d52dd3d3fb40e4a3beaa46d819e3ddc275,COc1ccc2n(C(=O)c3ccc(Cl)cc3)c(C)c(CC(=O)Nc3ccc(cc3)S(N)(=O)=O)c2c1
59148fdb4d0f0fd4a4a16f301095248838aed099,NS(=O)(=O)c1ccc(cc1)N1N=C2C(CCc3ccccc23)C1c1cccc(Cl)c1
8928627a65faa7a6320d42637d7fc870b7ebeea4,Cc1ccc(cc1)-c1cc(nn1-c1ccc(cc1)S(N)(=O)=O)C(F)(F)F
1d808d299e41b88ce881bb5a8ca42223b58909d5,Cc1cc(=O)c(-c2ccc(cc2)S(C)(=O)=O)c(o1)-c1ccc(Cl)cc1
8d4b972cd9c44aede81bd6b56174f331bca2cf7e,CS(=O)(=O)c1ccc(cc1)-c1c(nc2sccn12)-c1ccc(F)cc1
dc5b2298d125c73ea021b270e7aff9dc08dc04f3,CS(=O)(=O)c1ccc(cc1)-n1cc(nc1-c1ccc(F)cc1)C(F)(F)F
9fbca06a7a5563443574101827f1c8975097de0d,NS(=O)(=O)c1ccc(cc1)-n1nc(cc1-c1cccc(Cl)c1)C(=O)OCCCN1CCOCC1
97c738060f8459ad5ccd6bf0e13da10078a449e2,CS(=O)(=O)c1ccc(cc1)-c1[nH]c(Cl)cc1-c1ccc(F)cc1
a336ecb78a0414b79d7ef863bfdfa40eba09bde8,CS(=O)(=O)c1ccc(cc1)-c1sc(nc1-c1ccc(F)cc1)-c1ccccc1
7b989473cc4f1dfcb825d91186eed27e21530ca5,Cc1ccc(cc1)C1=NN(C(C1)c1ccc(Cl)cc1Cl)c1ccc(cc1)S(N)(=O)=O
747582b2ca5806e42cca14912febe42d52a4c81e,COc1ccc2n(C(=O)c3ccc(Cl)cc3)c(C)c(CC(=O)Nc3ccc(Br)cc3)c2c1
18aaaa8e1028d6b73659c0876a92f54064b4ea2b,CS(=O)(=O)c1ccc(cc1)-c1cnn(CC2CCCCC2)c(=O)c1-c1ccc(F)cc1
d02ed015271ea8c7267dbf1993490567301a5d2b,CS(=O)(=O)c1ccc(cc1)C1=C(C(=O)CC1)c1ccc(F)cc1
33cc3c3de4badd389bc5c1cf02eb63f60d0942ce,Cc1c(CCC(O)=O)cccc1NC(=O)C(C1CCC1)c1ccc(cc1)-c1cncc(Cl)c1
9277ce2cd75bd04292d25a132152cea3e9ce600e,CC(C)CC1(O)OC(=O)C(=C1c1ccc(cc1)S(C)(=O)=O)c1ccc(Cl)c(Cl)c1
333173682531484a5cc6b36bf1d9da92cdd65061,NS(=O)(=O)c1ccc(cc1)-n1nc(cc1-c1ccc(Cl)c(Cl)c1)C(F)(F)F
94c963b52f58c190e8be54ebbf891732c9ce0ca2,COc1ccc(cc1OC)-c1cc(nn1-c1ccc(cc1)S(N)(=O)=O)C(F)(F)F
46e6805f3b2ce283909854317cd55fd580dc8e4c,CS(=O)(=O)c1ccc(cc1)C1=C(CC2(CC2)C1)c1ccc(F)c(F)c1
fd6b5ca9ff2d81bff71767185f01341ccde5741d,CS(=O)(=O)c1ccc(cc1)-n1cc(nc1-c1cccc(Cl)c1)C(F)(F)F
4810d9ac0d0a4881b2a919c44f26df11eccd9952,COc1ccc(cc1F)-c1nc(cn1-c1ccc(cc1)S(N)(=O)=O)C(F)(F)F
3b6e3840318b1dcf9a70e6bdc48d59eeaaf1e3cd,CS(=O)(=O)c1ccc(cc1)-c1nc(NCc2ccc(F)cc2)cc(n1)C(F)(F)F
2122e767a53cc39ad6276c1337b97218aa81c080,NS(=O)(=O)c1ccc(cc1)-n1nc(cc1-c1ccc(Cl)cc1)C(=O)OCCCN1CCOCC1
540f59f1a6e71cc18beecbbc22a21e1736b1269f,COc1ccc(cc1)-c1cc(nn1-c1ccc(cc1)S(N)(=O)=O)C(F)(F)F
95864ef934d27a39c4302258b551e33f4dfedd74,NS(=O)(=O)c1ccc(cc1)-n1nc(cc1-c1ccc(cc1)C(F)(F)F)C(F)(F)F
a5fbeebe875945f4248dffdb3f75fd52c54ceeb5,CS(=O)(=O)c1ccc(cc1)-n1nc(cc1-c1cccc(c1)C(F)(F)F)C(F)(F)F
2fe2ab11c691747367c3322f8fdc1cba7c41327c,Cc1c(CC(O)=O)cc(-c2ccc(cc2)S(C)(=O)=O)n1-c1cccc(F)c1
9c5ee34d7b7635b3011324fcf8049d2283a535d8,NS(=O)(=O)c1ccc(cc1)-n1nc(cc1-c1ccc(Br)cc1)C(F)(F)F
3d309fdc0cadee37328c50214b73a75d9e2fc047,CC(C)c1cc(cc2c1OCC2(C)C)C(=O)c1cccc(c1)S(C)(=O)=O
d5f1842dc90ebeede36db55fc849d529996d9536,Cc1c(cnn1-c1ccccc1)C(=O)C(=O)N\N=C\c1ccc(cc1)N1CCOCC1
f4726189d7700d0797c8da3f5028f9c048e6b3d9,NS(=O)(=O)c1ccc(cc1)-n1nc(cc1-c1cccc(c1)C(F)(F)F)C(F)(F)F
2e24639e471f984031595ded6f854f8fa51935ce,NS(=O)(=O)c1ccc(cc1)-n1nc(cc1-c1ccc(Br)cc1)C(=O)OCCN1CCOCC1
25c244b5c205925e7375aea15c43f6135d8fa153,CS(=O)(=O)c1ccc(cc1)-c1[nH]c(cc1-c1ccc(F)cc1)C(F)(F)F
d0f62bcd0c9e65b16f5e4650983c150422d6f111,Cc1ccc(cc1C)-c1cc(nn1-c1ccc(cc1)S(N)(=O)=O)C(F)(F)F
94f1c78f01dcb655995d069fe66783e38a81827e,CS(=O)(=O)c1ccc(cc1)-c1cnn(Cc2ccc(F)cc2)c(=O)c1-c1ccc(F)cc1
203e630f97ea7dfd3fa889d86f26c0bb6803c5a5,COc1ccc(cc1Cl)-c1cc(nn1-c1ccc(cc1)S(N)(=O)=O)C(F)(F)F
f01ee8f135e01c3265c46a0320fc81ba8ea4be51,Cc1cc(F)cc(c1)-c1nc(cn1-c1ccc(cc1)S(N)(=O)=O)C(F)(F)F
1a54652a15b4efade5b617ecbddbc45ec91611f7,Cc1c(NCc2ccco2)nc(nc1C(F)(F)F)-c1ccc(cc1)S(C)(=O)=O
f5528ffa88f63c7e210b386d4d18b135776db3d9,COc1ccc(cc1F)-c1cc(nn1-c1ccc(cc1)S(N)(=O)=O)C(F)(F)F
24ce3fefb9757cd669986f5efdde315b53664783,CS(=O)(=O)c1ccc(cc1)-c1nc(NCc2ccccc2)cc(n1)C(F)(F)F
47b1a54e69f6a7d1b345d90377738f084d39c3fe,NS(=O)(=O)c1ccc(cc1)-n1nc(c2CCc3ccccc3-c12)C(F)(F)F
a06e1ad6df21d375e1b1dcdb0b95f305b5dd8a87,NS(=O)(=O)c1ccc(cc1)-n1nc(cc1-c1ccc(F)cc1)C(=O)N1CCOCC1
de42187d030b42a0752fe7bca679635fec5f4c44,Cc1c(CCC(O)=O)cccc1NC(=O)C(C1CCCC1)c1ccc(cc1)-c1cncc(Cl)c1
4608c6181d377032a08087a94e9963ae87aa54ba,CC(C)Oc1cc(-c2ccc(F)cc2)c(-c2ccc(cc2)S(C)(=O)=O)c(=O)o1
98f17298b9ec3107e60b0fb9e95090569ea3f643,NS(=O)(=O)c1ccc(cc1)-n1nc(cc1-c1ccccc1Cl)C(F)(F)F
10f1b89680eb8e6d77e51601edb328137a202f36,CC1(C)CC(=C(C1)c1ccc(cc1)S(C)(=O)=O)c1ccc(F)c(F)c1
d85b80a61672c3bb8ad1a7341e925f91e39f8262,CS(=O)(=O)c1ccc(cc1)-n1cnc(Cl)c1-c1ccc(Cl)cc1
58d5096f5dc6b9e2fd48d09355be545a2dc11bd0,NS(=O)(=O)c1ccc(cc1)-n1nc(cc1-c1ccc(F)cc1)C(=O)N1CCSCC1
02a1099d5271bccb3fa15189985083883d8bbb86,Cc1ccc(cc1)S(=O)(=O)NC(=O)c1cncc(c1)C(=O)Nc1cccc(C)c1
3871dc06c8859011a62745d0b00dd8a16e8cbc30,CC(C(O)=O)c1ccc2c(c1)n(C(=O)c1ccc(Cl)cc1)c1ccc(Cl)cc21
5113c78dce37b820cd210afffd523c789ddbe9e9,CS(=O)(=O)c1ccc(cc1)-n1cc(nc1-c1cc(F)cc(F)c1)C(F)(F)F
a8166fa725e6c17be28d990ac8afd8a70f10d654,NS(=O)(=O)c1ccc(cc1)N1N=C(CC1c1ccc2ccccc2c1)C(F)(F)F
4a08eae597f2d87601c279855215eec6eb5800c9,NS(=O)(=O)c1ccc(cc1)C1=C(CCC1)c1ccc(cc1)C(F)(F)F
fe34302972e872fa6b741f05c922f8051ba3a2c6,CS(=O)(=O)c1ccc(cc1)-n1nc(cc1-c1ccc(cc1)[N+]([O-])=O)C(F)(F)F
fcb460dd925b5f1eaabdf11274d8ddfcceae4824,COc1ccc2n(C(=O)c3ccc(Cl)cc3)c(C)c(CC(=O)N[C@H](CO)C(C)(C)O)c2c1
90407dd48274c4e9c445b822130d0b9d9b0ed20e,Cc1c(CC(=O)NCCO[N+]([O-])=O)cc(-c2ccc(cc2)S(C)(=O)=O)n1-c1ccccc1
bf94b108d8a66c8fb985afee44bceb2feadec2ec,COc1ccc(cc1)-c1nn(cc1-c1nnc(o1)-c1ccccc1)-c1ccccc1
b4c13875855b23f6c9ab2f03216c3e3b94e35d33,Cc1c(NCc2ccccc2)nc(nc1C(F)(F)F)-c1ccc(cc1)S(C)(=O)=O
93f09d87d7250f344a7f2ad36b37d973ce620268,CS(=O)(=O)c1ccc(cc1)-c1cc(cnc1N)-c1ccc(F)cc1
4da7dd237e6038aff6f0280596a23cced23eccdd,CS(=O)(=O)c1ccc(cc1)C1=C(CC2(CC2)C1)c1ccc(Cl)c(Cl)c1
33ae6deaae2339ede0ad0858bc13464fd6b35212,Cc1c(CC(=O)NCCCO[N+]([O-])=O)cc(-c2ccc(cc2)S(C)(=O)=O)n1-c1ccc(F)cc1
685254e628ef13d11815c4a6b6daeaf13702d0f0,NS(=O)(=O)c1ccc(cc1)-c1sc(nc1-c1ccc(F)cc1)-c1ccccc1
bf7e9b3736237bb86d54927a555559f25c0f3e9a,CS(=O)(=O)c1ccc(cc1)-c1cc(nc(OC2CCCCC2)n1)C(F)(F)F
663c6b136433da4203c5ef8f82acff094df96661,Cc1c(cc(-c2ccc(cc2)S(C)(=O)=O)n1-c1ccc(F)cc1)C(N)C(=O)OCCCO[N+]([O-])=O
2f5462e512a09b0c8a76e509263be42ccf56c406,CS(=O)(=O)c1ccc(cc1)C1=C(C(=O)CC1)c1cc(F)cc(F)c1
e43ff09a974da69b12f19d17feb0740edeab6a06,Cc1c(CC(=O)OCCO[N+]([O-])=O)cc(-c2ccc(cc2)S(C)(=O)=O)n1-c1ccc(F)cc1
8c72d8de94749d01798ec3688d270c9e866ca8c2,NS(=O)(=O)c1ccc(cc1)-n1nc(cc1-c1ccc(Br)cc1)C(=O)N1CCSCC1
01072dd2f7f2876bcea72bee2230d202b823608f,Cc1c(NCc2ccc(cc2)-c2ccc(cc2)S(C)(=O)=O)nc(nc1C(F)(F)F)-c1ccccn1
fad2f7167450a39565016ccf34c65fec591a9494,CC1(O)OC(=O)C(=C1c1ccc(cc1)S(C)(=O)=O)c1ccc(F)c(F)c1
d7a7a9a07589dfab571b0b4e3ead7d1a3d3c3399,CC(C)(O)c1cc(cc2c1OCC2(C)C)C(=O)c1cc(ccc1Cl)S(C)(=O)=O
57b7fc296143588f6b4f7d0f9100d90e8949c55a,CS(=O)(=O)c1ccc(cc1)-c1nc(NCc2ccc(cc2)-c2ccc(F)cc2)cc(n1)C(F)(F)F
053fcadbbd1b66826d54aef22be7779d1eef0b05,Cc1cc(=O)c(Oc2ccc(Br)cc2Br)c(o1)-c1ccc(cc1)S(C)(=O)=O
47e4aca9aeac98ae32fd8eadb896396530bfd22b,CS(=O)(=O)c1ccc(cc1)-c1cnn(Cc2ccccc2)c(=O)c1-c1ccc(F)cc1
6d60137b06cc640f8ae2ed0dbbb0ff7a7261f302,NS(=O)(=O)c1ccc(cc1)-c1cc(nn1-c1ccc(cc1)S(N)(=O)=O)C(F)(F)F
535a0b7be3d6cdc5c09553ff1101ee36c84f9d37,NS(=O)(=O)c1ccc(cc1)-c1[nH]c(nc1-c1ccccc1)-c1ccc(F)cc1
6a919a604fdd5fc9b67387262e79c7744f95e599,CS(=O)(=O)c1ccc(cc1)C1=C(C(=O)OC1)c1ccc(F)cc1
1e11f56c83ee73d4776ff7779b16a840ca41c3dd,CS(=O)(=O)c1ccc(cc1)-c1nc(NCC(F)(F)F)cc(n1)C(F)(F)F
5205a4854ed8bdd7be9b640f35afd99d05017e8a,CC(C)(C)c1cc(\C=C2/CCC\C(=C/c3ccc(cc3)C(C)(C)C)C2=O)cc(c1O)C(C)(C)C
18b4dbfeb86525d0839f002230dad154b04cd8d7,NS(=O)(=O)c1ccc(cc1)-n1nc(cc1-c1ccc(cc1)C(F)(F)F)C(=O)N1CCSCC1
1a1dab2db0c4c2247ae57a15cab7b24f268b9094,NS(=O)(=O)c1ccc(cc1)-n1nc(cc1-c1ccc(Cl)cc1)C(F)(F)F
71f9d455dd47fe251006e0b268c769a801fe84b4,CS(=O)(=O)c1ccc(cc1)-c1[nH]c(c2C3CCC(C3)c12)-c1ccc(F)cc1
82df7ab35e854b7a6dba5631dd9e56cb51d89fec,CC(C)(C)c1cc(cc(c1O)C(C)(C)C)-c1nc(cn1-c1ccc(cc1)S(C)(=O)=O)C(F)(F)F
6fb52cf02716f4f0df2427d13c08d7be3316c44a,CS(=O)(=O)c1ccc(cc1)-c1c(nc2sc(Cl)cn12)-c1ccc(Cl)cc1
cb06946a3cf7034da0a007dd75cad95996f29570,COc1ccc(cc1)C1=NN(C(C1)c1cn(nc1-c1ccc(OC)cc1)-c1ccccc1)C(N)=S
67ca9791d450f25d2fa183a64917d3120312812a,CS(=O)(=O)c1ccc(cc1)-n1cc(CSc2nc3ccccc3s2)nc1-c1ccccc1
bfe362506da65268b6bd7faffa30a65fb246ed91,COc1ccc(cc1)-c1cc(nn1-c1ccc(cc1)S(N)(=O)=O)C(=O)N1CCSCC1
1b01d9110dc136cb8134d0c49c3d86ca19a089cb,CC(C)C(O)c1cc(cc2ccc(oc12)-c1ccc(cc1)S(C)(=O)=O)C(C)C
fe56ce4b41f85b3a7a71275fc32870f26fe604a7,CS(=O)(=O)c1ccc(cc1)C1=C(C(=O)CC1)c1cc(F)c(F)c(F)c1
bc44887a210506fb6fcf9e845e1522ba088429f3,CS(=O)(=O)c1ccc(cc1)-c1cnn(Cc2ccccc2)c(=O)c1Oc1ccccc1
36aadcf47bf88cabf2348e5e9df222538937e7a6,CS(=O)(=O)c1ccc(cc1)-c1[nH]c(nc1-c1ccccc1)-c1c(F)cccc1F
c7b905d39c9a40dbb9704d46a6a5ec641ef390b6,Cc1ccc(CNc2cc(nc(n2)-c2ccc(cc2)S(C)(=O)=O)C(F)(F)F)cc1
76a945720f5fd736a1a292e3a3a89dc002971008,CC1(O)OC(=O)C(=C1c1ccc(cc1)S(C)(=O)=O)c1ccc(Cl)cc1
a8a65fb3cdfeeb67cb3fe05cc75ed7e3a6dbcfc4,CS(=O)(=O)c1ccc(cc1)-c1[nH]c2ccc(F)cc2c1-c1ccc(F)cc1
bb252d3a81ceeac3bbdf78df63ccae5441632fa4,COc1ccc2n(C(=O)c3ccc(Cl)cc3)c(C)c(CC(=O)Nc3ccccc3)c2c1
4e05de26427a46ddc22c57586a49183ccf107cf2,Cc1c(cc(-c2ccc(cc2)S(C)(=O)=O)n1-c1ccc(F)cc1)C(N)C(=O)NCCO
d4b3c13bbbbb1e6516885b075d5d29eaf3a59994,NS(=O)(=O)c1ccc(cc1)-c1[nH]c2ccc(Cl)cc2c1-c1ccc(Br)cc1
63509abe60286c319fa1f97f905e682cf336128f,NS(=O)(=O)c1ccc(cc1)-c1cc(Cl)c(Cl)cc1-c1ccc(F)cc1
fd7742bce57e3054a051c57e2646b97eeb375d6e,NS(=O)(=O)c1ccc(cc1)N1N=C(CC1c1ccc(F)cc1)C(F)(F)F
a2dcd75f65c8a57f4f16c6e2e384a1ce122c2416,NS(=O)(=O)c1ccc(cc1)-c1[nH]c2ccccc2c1-c1ccccc1
3888e669ebe2350e0c1733ff1efdc3298600b089,COc1ccc(cc1F)-c1cc(nn1-c1ccc(cc1)S(N)(=O)=O)C(F)F
303ebfc2312daba654c1bcc4ad1628ebc3bc9176,CS(=O)(=O)c1ccc(cc1)-c1sc(nc1-c1ccc(F)cc1)-c1ccc(F)cc1
46a2507707e124a1cb80cc271caed82a9e4dd39c,NS(=O)(=O)c1ccc(cc1)-n1nc(cc1-c1ccc(Br)cc1)C(=O)N1CCOCC1
c41f686238ca0e5d508eea3ca61a818b45f7f45c,CC(C)(C)c1cc(\C=C2/COc3cc(O)ccc3C2=O)cc(c1O)C(C)(C)C
1bea91fabab8243d4008ed29f7bdad088b28190c,CS(=O)(=O)c1ccc(cc1)C1=C(C(=O)OC1)c1ccc(F)c(F)c1
8fddcd4a201538e1e54930bc44b9d27478d95584,COc1ccc(cc1)-c1cc(-c2ccc(cc2)S(C)(=O)=O)n(n1)-c1ccc(F)cc1
cdf41e4eaf70810aff4b59f69796f264c7d34cdb,Cc1cc(Cl)c(-c2ccc(cc2)S(C)(=O)=O)c(-c2ccc(F)cc2)c1OC(C)(C)C(O)=O
3d8013238a5d5d6fa3b9fffd90a39211b54e181f,COc1ccc2n(C(=O)c3ccc(Cl)cc3)c(C)c(CC(=O)N[C@@H](C(C)C)C(=O)N(C)O)c2c1
d3391a0ef511ae5de4ef03a47ce6248540f42b52,Cc1cc(ccc1F)-c1nc(cn1-c1ccc(cc1)S(N)(=O)=O)C(F)(F)F
710cdb058be3ca10a43cf602c51c6b78f7395cee,Cc1cc(=O)c(-c2ccc(cc2)S(C)(=O)=O)c(o1)-c1ccc(cc1)S(C)(=O)=O
78dec552913d5c947497761bf300f853d42f052f,NS(=O)(=O)c1ccc(cc1)-n1cc(nc1-c1ccc(cc1)C(F)(F)F)C(F)(F)F
3066ce82ec6f7de9bee938370edf6f2e141fb61b,CS(=O)(=O)c1ccc(cc1)-n1nc(cc1-c1ccc(Cl)cc1)C(F)(F)F
5a725df9eda67845eb0feec6c3ad14d3104862fd,CS(=O)(=O)c1ccc(cc1)-n1nc(cc1-c1cccc(F)c1)C(F)(F)F
8b33c4d4d2b190fe12796ed52f11b772d048ef62,CC(C(O)=O)c1ccc(c(F)c1)-c1cccc(OC(=O)NC2CCCCC2)c1
66dcd7c7c573c388aeb1a08bfb130c8c89485043,COc1ccc(cc1)-n1c(C)c(CC(=O)OCCO[N+]([O-])=O)cc1-c1ccc(cc1)S(C)(=O)=O
1ef4524524f58a39a3d71fb2d50706a548bc5360,NS(=O)(=O)c1ccc(cc1)-n1nc(c(Br)c1-c1ccc(Br)cc1)C(F)(F)F
0e9abd0f18f90e9f051a3592b331b444e8aba0b9,Cc1nc(c(s1)-c1ccc(cc1)S(C)(=O)=O)-c1ccccc1
3319697497e2bd309ee6d3772d0f09fd786c2df5,COc1cc(cc(OC)c1OC)-c1cc(nn1-c1ccc(cc1)S(N)(=O)=O)C(F)(F)F
2c3a6786a8ff71a36419711e4fb71fb0f7a3c92a,CS(=O)(=O)c1ccc(cc1)C1=C(C(=O)CC1)c1cc2ccccc2s1
f5fb4765a14969bb05b8265ba9a5c08f0e179b0f,Cc1c(cc(-c2ccc(cc2)S(C)(=O)=O)n1-c1cccc(F)c1)C(N)C(=O)OCCO
fd327b56876394ec4c8b7584c7d38cfdb268d265,CC1(O)OC(=O)C(=C1c1ccc(cc1)S(C)(=O)=O)c1cccc(F)c1
6835fb20ad8e16dde715e6cb4f4078dd13afca5d,Cc1c(cnn1-c1ccccc1)-c1nc(cn1-c1ccc(cc1)S(C)(=O)=O)C(F)(F)F
3c28490b83c8ad8670639a3ec43d90f05af580fe,Cc1c(CC(O)=O)cc(-c2ccc(cc2)S(C)(=O)=O)n1-c1ccc(F)c(F)c1
16512a92f8116a8ca563259f71112048be024d60,NS(=O)(=O)c1ccc(cc1)-c1[nH]c2ccccc2c1-c1ccc(Cl)cc1
e68526de52aa7abd7e399864279359cf7f03f1c2,CS(=O)(=O)c1ccc(cc1)C1=C(CC2(CC2)C1)c1ccc(F)c(Cl)c1
efa88c31b0ede16fa1dc16c83d09b800ddd20329,CS(=O)(=O)c1ccc(cc1)-c1[nH]c2ccc(Cl)cc2c1-c1ccc(Cl)cc1
7c63c7208efdfbfdd3c0747041875b0707b69a04,NS(=O)(=O)c1ccc(cc1)-c1sc(nc1-c1ccc(F)cc1)-c1ccccc1Cl
9fb7248ea6a8ecc314cbe227024a97ca206d7cc0,COc1ccc2n(C(=O)c3ccc(Cl)cc3)c(C)c(CC(=O)Oc3ccc(cc3)[N+]([O-])=O)c2c1
faba935f6961622acda0d1facbbd5f84ea87aedc,CC(C(O)=O)c1ccc2c(c1)n(C(=O)c1ccccc1)c1ccc(Cl)cc21
3ffd01abfb60314f12893a6240ce7359eb3bdf01,NS(=O)(=O)c1ccc(cc1)N1N=C2C(CCc3ccccc23)C1c1cccc(F)c1
806c3e06126e4c21a4b50109df91a5e048cfa945,CS(=O)(=O)c1ccc(cc1)C1=C(C(=O)CC1)c1ccc(F)c(F)c1
46b7c95924ea095d7c151ac2a5bcca9ae735460b,CC1(O)OC(=O)C(=C1c1ccc(cc1)S(C)(=O)=O)c1ccc(Cl)c(Cl)c1
32b5ea4244901c6018b07f50d9677b6f84b59ebc,CS(=O)(=O)c1ccc(cc1)-c1cnn(C2COC2)c(=O)c1-c1ccc(F)cc1
6a9dec15c916dbf946700acdbb44baefca6510b5,CS(=O)(=O)c1ccc(cc1)C1=C(C(=O)CC1)c1cc(F)c(F)cc1F
41141aa5d564b1556813670fd811d52e02ebf7f0,Cc1c(CCC(O)=O)cccc1NC(=O)C(C1CCCC1)c1ccc(c(F)c1)-c1cncc(Cl)c1
dbf7a3697c31066f980e7e2383ef4b903c67a836,Cc1nc(c(s1)-c1ccc(cc1)S(C)(=O)=O)-c1ccc(F)cc1
b83ff8dcfcb4b559ab3c3826026f01a557ebe7f5,NS(=O)(=O)c1ccc(cc1)-n1cc(nc1-c1ccc(Br)cc1)C(F)(F)F
67a7a00629d866f87cfcae068e8db29589263f89,COc1ccc2n(C(=O)c3ccc(Cl)cc3)c(C)c(CC(=O)Nc3ccc(C)cc3)c2c1
a0e3bdfabc37367cf16fbedcd7048e2c7a3bc7f5,Cc1cc(=O)c(Oc2ccc(OCCN3CCCC3)cc2)c(o1)-c1ccc(cc1)S(C)(=O)=O
61a862adc538e292bdbd93abe4420dc6efe0a58b,Cc1c(CC(=O)NCCCO)cc(-c2ccc(cc2)S(C)(=O)=O)n1-c1ccc(F)cc1
0b0f80ac7d496c6e6e19e1b47d465852e9ea8bac,CS(=O)(=O)c1ccc(cc1)-c1nc(NCc2ccc(cc2)C(F)(F)F)cc(n1)C(F)(F)F
dd4684326f97651d137765971c23c761c59df159,Cc1c(cc(-c2ccc(cc2)S(C)(=O)=O)n1-c1ccc(F)cc1)C(=O)C(F)(F)F
fb8525cad1289e3cdbc62f9ad7205f9e23c5930c,NS(=O)(=O)c1ccc(cc1)-n1nc(cc1-c1cccc(Cl)c1)C(F)(F)F
3965c42c32468706f611af96575b797a4ae552ee,CS(=O)(=O)c1ccc(cc1)-c1[nH]c2ccccc2c1-c1ccc(F)cc1
a9e2d3b77aeea47ac3e4556ea4e911e23f650fb6,NS(=O)(=O)c1ccc(cc1)-n1nc(cc1-c1ccc(F)cc1)C(=O)NCCCN1CCOCC1
b7278769da22c7706dbf5639b63cd02f66f08693,CC1(O)OC(=O)C(=C1c1ccc(cc1)S(C)(=O)=O)c1ccc(F)c(Cl)c1
aa0cec3addfd92b1419b78908923594b9c5f8e1b,CS(=O)(=O)c1ccc(cc1)-c1cnc(cc1-c1ccc(F)cc1)C(O)C(F)(F)F
ac57d439f85b319257a3a7f472c078d37f2383a1,Cc1ccc(cc1)C1CC(=NN1c1ccc(cc1)S(N)(=O)=O)c1ccc(C)cc1
5bf5cfc1ab19fe4f0ba765887e82ac8ac3f3217f,NS(=O)(=O)c1ccc(cc1)-c1[nH]c2ccc(Cl)cc2c1-c1ccccc1
05b217e64a1b95a73e60ff73ae1e4de0638c1702,CS(=O)(=O)c1ccc(cc1)-c1cnn(Cc2ccncc2)c(=O)c1-c1ccc(F)cc1
b3577674668466ef1c9530763d959e8884db0c8d,CC(C)(O)c1cc(F)cc(OCc2cc(-c3ccc(cc3)S(C)(=O)=O)n(n2)-c2ccc(F)cc2)c1
1cb3d74fab38e5d7605c2cf153c0ab0f7133d853,Cc1c(CC(=O)OCCO[N+]([O-])=O)cc(-c2ccc(cc2)S(C)(=O)=O)n1-c1cccc(F)c1
83a49a1f6750a2f732499024de6225f04137db20,NS(=O)(=O)c1ccc(cc1)-c1nc(NCc2ccc(F)cc2)cc(n1)C(F)(F)F
4e7d6609a3d1458268dcde27e8d81e651f8c7fc0,CC(C)c1c(NCc2ccccc2)nc(nc1-c1ccc(cc1)S(C)(=O)=O)C(F)(F)F
6030ce8c6cb9520af904f6dc213bfabc556d95dc,CS(=O)(=O)c1ccc(cc1)-c1cnn(Cc2ccccc2)c(=O)c1-c1ccccc1
d6de31749d657988e4d2c9e300007da4aa229b1d,NS(=O)(=O)c1ccc(cc1)C1=C(C(=O)CC1)c1ccc(Cl)c(Cl)c1
c92b3fa13d6c6188323e828e738880e5247a6551,NS(=O)(=O)c1ccc(cc1)-n1nc(cc1-c1ccccc1F)C(=O)N1CCOCC1
d80b231652b6086707c7f0006d27a7d8f78dbb3f,COc1ccc(cc1F)-c1nc(cn1-c1ccc(cc1)S(C)(=O)=O)C(F)(F)F
6c6edfc10c5f005166c0b76e4919e1acd121d172,CS(=O)(=O)c1ccc(cc1)-c1cnn(Cc2ccc(F)cc2)c(=O)c1Oc1ccccc1
9b9861cdcd1d02360ee7df39bd13b77b4c4b4809,CS(=O)(=O)c1ccc(cc1)C1=C(C(=O)OC1)c1ccc(F)c(Cl)c1
7531e9a1d90654b2809176d6cb6c4e2b7750384e,NS(=O)(=O)c1ccc(cc1)-n1nc(cc1-c1ccccc1)C(=O)Nc1cccc(Cl)c1
ce8d6b511b2d681a45d5a8a18f752a2985b43150,COc1ccc(cc1)-c1nn(cc1-c1nnc(o1)-c1ccc(Cl)cc1)-c1ccccc1
b71f48b8ca0f51bf132184254112a3c64fce9802,Cc1cc(ccc1Cl)-c1nc(cn1-c1ccc(cc1)S(N)(=O)=O)C(F)(F)F
464a64eb35883af7b5cd24ed32ec80e23630f667,NS(=O)(=O)c1ccc(cc1)-c1nc(NCc2ccc(cc2)C(F)(F)F)cc(n1)C(F)(F)F
3ff000389191e118d614f5e4b3ea99b5055d0d1e,Cc1ccc(cc1)C1=C\C(=C/c2cc(c(O)c(c2)C(C)(C)C)C(C)(C)C)C(=O)O1
b08da0e3c6df228fc6374eeb419ee2cb8ed684fd,COc1ccc2n(C(=O)c3ccc(Cl)cc3)c(C)c(CC(=O)Nc3cccc(c3)C#N)c2c1
e982ff480fc7c35c747a9859cb88899ec0bb527b,CS(=O)(=O)c1ccc(cc1)C1=C(C(=O)OC1)c1cccc(F)c1
116525a3e6e3a17b6caf084886bcef558f77b6ee,NS(=O)(=O)c1ccc(cc1)N1N=C2C(CCc3ccccc23)C1c1ccc(F)cc1
4dde52b368cbb2f2543c5b53a45079c0e60baebe,COc1ccc(cc1)-c1nn(cc1-c1nnc(o1)-c1cc(O)ccc1O)-c1ccccc1
e41612a3dd9def79a84c9ee17cb8f1c0b3f8131e,Cc1cc(=O)c(-c2ccc(Cl)cc2)c(o1)-c1ccc(cc1)S(N)(=O)=O
a001c0a44b3c4f66a83e1a9a145f12353cfd9917,NS(=O)(=O)c1ccc(cc1)-n1nc(cc1-c1cc(F)c(Cl)c(F)c1)C(F)(F)F
84b30a2d3ef3851f3bb504a3f563c7a2939ee4ff,CS(=O)(=O)c1ccc(cc1)-c1cnn(Cc2ccncc2)c(=O)c1-c1ccccc1
958a05cb962b079421440af6fb568cadc1390002,CS(=O)(=O)c1ccc(cc1)C1=C(C(=O)OC1)c1cccc(Br)c1
c57f80c9da4610007d1c11526e5ee436d12d45ec,CC(CC(O)=O)c1cccc(NC(=O)C(C2CCCC2)c2ccc(cc2)-c2cncc(Cl)c2)c1C
c448be85b30dddd88a4b03a25224414399b89e1d,CS(=O)(=O)c1ccc(cc1)-c1cnn(CC(F)(F)F)c(=O)c1-c1ccc(F)cc1
7d06bfe2497666b2d0880939bdf2bdf2e15df831,Cc1ccc(cc1)-c1nc(cn1-c1ccc(cc1)S(C)(=O)=O)C(F)(F)F
7c498a8164fd4c3966a43137346b2f5867333888,Cc1ccc(cc1)-n1c(SCc2cn(nn2)-c2ccc(cc2)C(F)(F)F)nc2ccccc2c1=O
5a642a17fd2f5d25662d16d310f5cd52c35c2d2b,COc1ccc(cc1OC)-c1nc(cn1-c1ccc(cc1)S(N)(=O)=O)C(F)(F)F
d24469f6c29cc16771ede77b8c491f5fa7eced36,Cc1ccc(cn1)-c1cc(nn1-c1ccc(cc1)S(N)(=O)=O)C(F)(F)F
